{
	"info": {
		"_postman_id": "29647bf4-ac4e-462d-9c1b-6d7f478dce3a",
		"name": "podcast api",
		"schema": "https://schema.getpostman.com/json/collection/v2.1.0/collection.json",
		"_exporter_id": "44263695",
		"_collection_link": "https://imouduemma.postman.co/workspace/imoudu-emma's-Workspace~5f5fa74d-1fee-4627-80fd-ee7e9626768b/collection/44263695-29647bf4-ac4e-462d-9c1b-6d7f478dce3a?action=share&source=collection_link&creator=44263695"
	},
	"item": [
		{
			"name": "/api/categories",
			"request": {
				"method": "GET",
				"header": [],
				"url": {
					"raw": "http://127.0.0.1:8000/api/categories",
					"protocol": "http",
					"host": [
						"127",
						"0",
						"0",
						"1"
					],
					"port": "8000",
					"path": [
						"api",
						"categories"
					]
				}
			},
			"response": []
		},
		{
			"name": "/api/categories",
			"request": {
				"method": "POST",
				"header": [],
				"body": {
					"mode": "raw",
					"raw": "{\r\n  \"name\": \"Technology\",\r\n  \"slug\": \"technology\"\r\n}\r\n",
					"options": {
						"raw": {
							"language": "json"
						}
					}
				},
				"url": {
					"raw": "http://127.0.0.1:8000/api/categories",
					"protocol": "http",
					"host": [
						"127",
						"0",
						"0",
						"1"
					],
					"port": "8000",
					"path": [
						"api",
						"categories"
					]
				}
			},
			"response": []
		},
		{
			"name": "/api/categories/{id}",
			"request": {
				"method": "GET",
				"header": []
			},
			"response": []
		},
		{
			"name": "/api/categories/{id}",
			"request": {
				"method": "PUT",
				"header": []
			},
			"response": []
		},
		{
			"name": "/api/categories/{id}",
			"request": {
				"method": "DELETE",
				"header": []
			},
			"response": []
		},
		{
			"name": "/api/podcasts",
			"request": {
				"method": "GET",
				"header": []
			},
			"response": []
		},
		{
			"name": "/api/podcasts",
			"request": {
				"method": "POST",
				"header": [],
				"body": {
					"mode": "raw",
					"raw": "{\r\n  \"title\": \"TechTalks\",\r\n  \"slug\": \"techtalks\",\r\n  \"description\": \"Latest in tech\",\r\n  \"image\": \"https://example.com/podcast.jpg\",\r\n  \"category_id\": 1\r\n}\r\n",
					"options": {
						"raw": {
							"language": "json"
						}
					}
				},
				"url": {
					"raw": "http://127.0.0.1:8000/api/podcasts",
					"protocol": "http",
					"host": [
						"127",
						"0",
						"0",
						"1"
					],
					"port": "8000",
					"path": [
						"api",
						"podcasts"
					]
				}
			},
			"response": []
		},
		{
			"name": "/api/podcasts{id}",
			"request": {
				"method": "GET",
				"header": []
			},
			"response": []
		},
		{
			"name": "/api/podcasts{id}",
			"request": {
				"method": "DELETE",
				"header": []
			},
			"response": []
		},
		{
			"name": "/api/episodes",
			"request": {
				"method": "GET",
				"header": []
			},
			"response": []
		},
		{
			"name": "/api/episodes",
			"request": {
				"method": "POST",
				"header": [],
				"body": {
					"mode": "raw",
					"raw": "{\r\n  \"title\": \"AI in 2025\",\r\n  \"audio\": \"https://example.com/audio.mp3\",\r\n  \"podcast_id\": 1\r\n}\r\n",
					"options": {
						"raw": {
							"language": "json"
						}
					}
				},
				"url": {
					"raw": "http://127.0.0.1:8000/api/episodes",
					"protocol": "http",
					"host": [
						"127",
						"0",
						"0",
						"1"
					],
					"port": "8000",
					"path": [
						"api",
						"episodes"
					]
				}
			},
			"response": []
		},
		{
			"name": "/api/episodes{id}",
			"request": {
				"method": "GET",
				"header": []
			},
			"response": []
		},
		{
			"name": "/api/episodes{id}",
			"request": {
				"method": "PUT",
				"header": []
			},
			"response": []
		},
		{
			"name": "/api/episodes{id}",
			"request": {
				"method": "DELETE",
				"header": []
			},
			"response": []
		}
	]
}